variable,mean,min,median,max
reference_len,449.9746192893401,77,352.0,2748
query_len,216.63197969543148,33,171.0,2174
regions,1.717005076142132,1,1.0,36
contigs,2.8769035532994924,1,1.0,134
matches,215.2271573604061,33,167.0,2174
mismatches,1.4048223350253808,0,0.0,42
deletions,233.34263959390864,0,151.5,2204
query_coverage,55.20954314720812,5.49,51.76,100.0
identity,98.97153553299492,67.06,100.0,100.0
