variable,mean,min,median,max
query_len,232.6159217877095,25,172.0,2169
reference_len,448.6522346368715,77,358.0,2748
no_matches,197.81703910614524,25,150.5,2169
no_mismatches,28.900837988826815,0,2.0,601
no_insertions,2.14804469273743,0,0.0,162
no_deletions,15.63268156424581,0,4.0,355
distance,970.7290502793296,127,745.0,11612
query_cover,56.87599162011172,3.29,58.925,100.0
percent_identity,89.92022346368715,33.59,97.905,100.0
